"id","created_at","updated_at","wallet_address","account_type"
1,"2025-08-29 22:28:49.494162","2025-08-29 22:28:49.494162","0xb4289959b34667674d6d3ebD93d42aEFd5fD5492","Admin"
2,"2025-08-31 17:26:10.547118","2025-08-31 17:26:10.547118","0xc29d1959b34667674d6d3ebD93d42aEFd5fD5492","Engager"
3,"2025-08-31 17:28:00.513716","2025-08-31 17:28:00.513716","0xc29d1959b34667674d6d3ebD93d42aEFd5fD2938","Engager"
4,"2025-08-31 17:30:40.658699","2025-08-31 17:30:40.658699","0xb4289959b34667674d6d3ebD93d42aEFd5fE3423","Engager"
5,"2025-08-31 17:32:33.024058","2025-08-31 17:32:33.024058","0xc6e8d621b34667674d6d3ebD93d42aEFd5fD5492","Engager"
6,"2025-08-31 17:34:01.618074","2025-08-31 17:34:01.618074","0xc3849282b34667674d6d3ebD93d42aEFd5fD5492","Engager"
7,"2025-08-31 17:36:29.281816","2025-08-31 17:36:29.281816","0xd3441820b34667674d6d3ebD93d42aEFd5fD5492","Engager"
8,"2025-08-31 17:38:57.096889","2025-08-31 17:38:57.096889","0x64565422b34667674d6d3ebD93d42aEFd5fD5492","Engager"
9,"2025-08-31 17:39:59.009027","2025-08-31 17:39:59.009027","0xe32b4a23b34667674d6d3ebD93d42aEFd5fD5492","Engager"
10,"2025-08-31 17:41:46.791576","2025-08-31 17:41:46.791576","0x2e0cd817a74667674d6d3ebD93d42aEFd5fE3423","Engager"
11,"2025-08-31 17:43:01.039386","2025-08-31 17:43:01.039386","0x24082753484667674d6d3ebD93d42aEFd5fE3423","Engager"
12,"2025-08-31 17:44:51.06389","2025-08-31 17:44:51.06389","0xe9c8a7294667674d6d3ebD93d42aEFd5fE3423","Engager"
13,"2025-08-31 17:46:00.647513","2025-08-31 17:46:00.647513","0xd8e8a9c2b34667674d6d3ebD93d42aEFd5fD5492","Engager"
14,"2025-08-31 18:03:23.891881","2025-08-31 18:03:23.891881","0xb28a41c3764667674d6d3ebD93d42aEFd5fE3423","Engager"
15,"2025-08-31 18:05:04.139274","2025-08-31 18:05:04.139274","0x53454303814667674d6d3ebD93d42aEFd5fE3423","Engager"
16,"2025-08-31 18:07:04.187924","2025-08-31 18:07:04.187924","0xe89c678a254667674d6d3ebD93d42aEFd5fE3423","Engager"
17,"2025-08-31 18:08:57.195816","2025-08-31 18:08:57.195816","0x65465486714667674d6d3ebD93d42aEFd5fD6785","Engager"
18,"2025-08-31 18:10:36.211256","2025-08-31 18:10:36.211256","0x56764256124667674d6d3ebD93d42aEFd5fE3453","Engager"
19,"2025-08-31 18:12:09.250956","2025-08-31 18:12:09.250956","0x458603458a4667674d6d3ebD93d42aEFd5eF2354","Engager"
20,"2025-08-31 18:15:11.378375","2025-08-31 18:15:11.378375","0xa8e9c234574667674d6d3ebD93d42aEFd3aE3453","Engager"
21,"2025-08-31 18:16:22.074489","2025-08-31 18:16:22.074489","0xf3e54397b14667674d6d3ebD93d42aEFd5fE3423","Engager"
22,"2025-08-31 18:18:49.617556","2025-08-31 18:18:49.617556","0x34a6b154394667674d6d3ebD93d42aEFd5fE3423","Engager"
23,"2025-09-01 14:46:32.225461","2025-09-01 14:46:32.225461","0x5f236a7b4c4667674d6d3ebD93d42aEFd5fD5492","Engager"
24,"2025-09-01 14:48:13.84894","2025-09-01 14:48:13.84894","0x43e5f1c7a24667674d6d3ebD93d42aEFd5fE2365","Engager"
25,"2025-09-01 14:49:03.328585","2025-09-01 14:49:03.328585","0x3098ab83f34667674d6d3ebD93d42aEFd5fD5492","Engager"
26,"2025-09-01 14:50:59.536704","2025-09-01 14:50:59.536704","0x5a4b6d2c874667674d6d3ebD93d42aEFd5fD5492","Engager"
27,"2025-09-01 14:52:30.60017","2025-09-01 14:52:30.60017","0x9e7ba6c3d14667674d6d3ebD93d42aEFd5eA4567","Engager"
28,"2025-09-01 14:53:15.767967","2025-09-01 14:53:15.767967","0x57657a8b834667674d6d3ebD93d42aEFd5fD5492","Engager"
29,"2025-09-01 14:54:31.215811","2025-09-01 14:54:31.215811","0xa6b7d2c6f84667674d6d3ebD93d42aEFd4aF5672","Engager"
30,"2025-09-01 14:55:36.934762","2025-09-01 14:55:36.934762","0x1a780890274667674d6d3ebD93d42aEFd5fD5492","Engager"
31,"2025-09-01 15:13:26.100876","2025-09-01 15:13:26.100876","0x867523a5b74667674d6d3ebD93d42aEFd5fD5492","Engager"
